mz	intensity	rel.intensity	exactmass	formula	ionization
53.038800	152435.30	0.84	53.038577	C4H4	[M + H]+
55.054400	4621998.00	25.36	55.054227	C4H6	[M + H]+
83.085500	18227198.00	100.00	83.085527	C6H10	[M + H]+
100.112100	6008278.50	32.96	100.112076	C6H13N	[M + H]+
