mz	intensity	rel.intensity	exactmass	formula	ionization
140.030600	395527.00	1.45	140.030197	CH5N3O5	[M + H]+
141.014600	17981164.00	66.04	141.014212	CH4N2O6	[M + H]+
158.041200	27228146.00	100.00	158.040761	CH7N3O6	[M + H]+
489.043900	2545921.50	9.35	489.042552	C21H8N6O9	[M + H]+
