mz	intensity	rel.intensity	exactmass	formula	ionization
140.030600	395527.00	1.45	140.031539	C3H7O6	[M + H]+
158.041200	27228146.00	100.00	158.042104	C3H9O7	[M + H]+
489.043900	2545921.50	9.35	489.045238	C25H12O11	[M + H]+
