rank	molecularFormula	adduct	precursorFormula	SiriusScore	TreeScore	IsotopeScore	numExplainedPeaks	explainedIntensity	medianMassErrorFragmentPeaks(ppm)	medianAbsoluteMassErrorFragmentPeaks(ppm)	massErrorPrecursor(ppm)
1	C6H10N6	[M + H]+	C6H10N6	18.7958450173967	18.7958450173967	0.0	17	0.9917809423640067	-0.2185179715805852	0.5218897533810977	0.1749084970650408
2	C8H16O2	[M + Na]+	C8H16O2	6.37984910582213	6.37984910582213	0.0	8	0.3305789578556818	-8.445214867935174	11.635712061709814	-1.498779745021058
3	C6H14N3O	[M + Na]+	C6H14N3O	6.309052114845086	6.309052114845086	0.0	16	0.9872561645114021	6.7461324480641505	6.7461324480641505	6.536240362264949
4	C8H12N3O	[M + H]+	C8H12N3O	5.239810260968426	5.239810260968426	0.0	18	1.0000000000000002	-10.215786061240276	10.215786061240276	-7.860111610220966
5	C5H14N2O4	[M + H]+	C5H14N2O4	1.923108545930642	1.923108545930642	0.0	15	0.921372808603908	7.579834518957431	9.433232226317905	8.178259703392678
6	C4H15N4OP	[M + H]+	C4H15N4OP	1.3632239014939849	1.3632239014939849	0.0	18	1.0000000000000002	-5.585698820144059	6.660114408070413	-9.719588343328814
7	C2H13N7P	[M + H]+	C2H13N7P	-11.468716898743773	-11.468716898743773	0.0	12	0.9289633652902737	-2.506543205784764	2.506543205784764	-1.6845682360428067
