mz	intensity	rel.intensity	exactmass	formula	ionization
60.055700	19158144.00	9.27	60.056966	C3H7O	[M + H]+
68.024400	2064966.20	1.00	68.025666	C4H3O	[M + H]+
70.040000	448485.80	0.22	70.041316	C4H5O	[M + H]+
108.055600	6498543.50	3.14	108.054561	C5H9O	[M + Na]+
100.086900	846321.00	0.41	100.088266	C6H11O	[M + H]+
127.072700	814654.50	0.39	127.072950	C5H12O2	[M + Na]+
139.072500	2935127.50	1.42	139.072950	C6H12O2	[M + Na]+
167.103900	206684544.00	100.00	167.104250	C8H16O2	[M + Na]+
